[
    {
        "question": "يجوز قيادة مركبة آلية بدون رخصة قيادة .",
        "correct_answer": "صح"
    },
    {
        "question": "يجوز لسائق المركبة أن يسير أقل من الحد الأدنى للسرعة المقررة بدون مبرر",
        "correct_answer": "خطأ"
    },
    {
        "question": "يجوز وقوف المركبة في الأماكن المخصصة لعبور المشاة وعلى الأرصفة",
        "correct_answer": "خطأ"
    },
    {
        "question": "متي تستخدم الاشاره للانعطاف او الانتقال من حاره الى حاره ؟",
        "correct_answer": "تستتخدم في جميع الاحوال والظروف حتي يستطيعون قائدو المركبات الاخرى الانتباه"
    },
    {
        "image": "https://ttd.moi.gov.kw/ttd/tr1/516S.gif",
        "question": "تعني:",
        "correct_answer": "نهاية طريق ضيق"
    },
    {
        "question": "متي تستخدم اشاره التحذير (فلاشر) ؟",
        "correct_answer": "في حال توقف المركبه النهائى بالطريق العام"
    },
    {
        "question": "متي يسمح للمركبه بجر الاجسام بالطريق العام ؟",
        "correct_answer": "اذا كانت المركبه مرخصه من الاداره العامه للمرور بذلك"
    },
    {
        "question": "في حال وقوع حادث اضرار ماديه ، ماهو التصرف الصحيح ؟",
        "correct_answer": "ابعاد المركبات عن الطريق في مكان امن ومن ثم الاتصال على عمليات وزاره الداخليه"
    },
    {
        "question": "متي يمكنك استعمال الهاتف المحمول وانت بالسياره ؟",
        "correct_answer": "فقط عندما تكون قد اوقفت المركبه في مكان امن"
    },
    {
        "question": "متي يجوز قيادة المركبه الاليه بدون تامين ؟",
        "correct_answer": "لايجوز قيادتها نهائيا بدون تامين ويمكن نقلها بالونش"
    },
    {
        "question": "امر الصلح مخالفة تجاوز حدود السرعة المقررة ما يزيد عن 30 كم / س وحتى 40 كم / س :",
        "correct_answer": "40 دينار"
    },
    {
        "question": "سحب الرخصة لمدة 3 شهور إذا وصل مجموع عدد النقاط للمرة الأولى :",
        "correct_answer": "14 نقطة"
    },
    {
        "question": "وظيفة البطارية :",
        "correct_answer": "تشغيل المحرك"
    },
    {
        "question": "الزجاج الأمامي وظيفته هي :",
        "correct_answer": "تقليل نسبه الاصابات"
    },
    {
        "question": "يجوز السير بالمركبة على الأرصفة المبلطة",
        "correct_answer": "صح"
    },
    {
        "question": "الأولوية تكون للقادم من الطريق الرئيسي في حالة وجود طريق فرعي",
        "correct_answer": "صح"
    },
    {
        "question": "يجوز قيادة مركبة فاقدة لأي شرط من شروط الأمن والمتانة",
        "correct_answer": "خطأ"
    },
    {
        "question": "يمكنك تجاوز الاشاره الحمراء في الحالات التاليه",
        "correct_answer": "لايمكنك تجاوز الاشاره الحمراء نهائيا الا في حال طلب منك رجال الداخليه ذلك"
    },
    {
        "question": "كيف يجب ان تقود في منحنى علي الطريق ؟",
        "correct_answer": "تخفض سرعتك تدريجيا"
    },
    {
        "image": "https://ttd.moi.gov.kw/ttd/ts/p14.jpg",
        "question": "الخطوط الصفراء في منتصف الشارع بهذا الشكل تعني:",
        "correct_answer": "ممنوع التجاوز بالإتجاهين قطعيا"
    },
    {
        "question": "يمكنك قياده المركبه الاليه بدون انوار بالحالات التاليه ؟",
        "correct_answer": "يجب تشغيل الانوار من غروب الشمس بكل الاحوال"
    },
    {
        "question": "قبل إجراء أي تغيير في غرض ترخيص المركبة أو لونها أو استبدال أي جزء جوهري يتعين على المالك :",
        "correct_answer": "الحصول على موافقة كتابية من القسم المختص بالإدارة العامة للمرور"
    },
    {
        "question": "تمت مخالفة قائد مركبة آلية يقودها بسرعة 140 ك / س في طريق الملك فهد السريع تكون العقوبه :",
        "correct_answer": "الحبس مدة لاتزيد عن ثلاثة أشهر وغرامة لاتزيد عن مائة دينار أو بإحدى هاتين العقوبتين"
    },
    {
        "question": "احدى عوامل انقلاب المركبة :",
        "correct_answer": "تلف في الإطارات"
    },
    {
        "question": "يجب على قائدي المركبات الوقوف فورا كلما طلب منهم رجال المرور والشرطة",
        "correct_answer": "صح"
    },
    {
        "question": "يجوز وقوف المركبة على طرف الطريق بجوار مركبة أخرى واقفة",
        "correct_answer": "خطأ"
    },
    {
        "question": "لاتستخدم اشاره التحذير (فلاشر) الا في حاله توقف المركبه التام بالطريق العام ؟",
        "correct_answer": "صح"
    },
    {
        "question": "اي من الحالات التاليه يجوز فيها الوقوف في الاماكن المخصصه للمعاقين ؟",
        "correct_answer": "فقط للمعاقين الذين لديهم شهاده معتمده من جهات الدوله الرسميه"
    },
    {
        "image": "https://ttd.moi.gov.kw/ttd/ts/p3.jpg",
        "question": "الرصيف ذو اللوني الأسود مع الأبيض يعني:",
        "correct_answer": "رصيف مسموح الوقوف"
    },
    {
        "question": "عدم إفساح الطريق لمرور المواكب عقوبتها الغرامة التي لاتزيد عن :",
        "correct_answer": "خمسة عشر دينار"
    },
    {
        "question": "ادنى حد للسرعة في الدائري السادس للسيارات الصغيرة هي :",
        "correct_answer": "80 كم / س"
    },
    {
        "question": "يجوز أن تتعدى حمولة المركبات الوزن المسموح به",
        "correct_answer": "خطأ"
    },
    {
        "image": "https://ttd.moi.gov.kw/ttd/n1/p5.jpg",
        "question": "الرصيف ذو اللونين الأصفر مع الأسود يعني:",
        "correct_answer": "ممنوع الوقوف"
    },
    {
        "question": "سماح قائد مركبة آلية بوجود ركاب على أي جزء خارجي منها يعاقب :",
        "correct_answer": "غرامة لاتزيد عن 15 دينار"
    },
    {
        "question": "إذا كانت بطارية سيارتك ضعيفة وترغب بتشغيلها من بطارية أخرى بواسطة كيبل (مشترك) تعمل الآتي :",
        "correct_answer": "تضع الإصبع الموجب (+) على الإصبع الموجب (+) والإصبع السالب (-) على الإصبع السالب (-) ."
    },
    {
        "question": "يجوز ترك المركبة في الطريق العام وعرقلة حركة المرور",
        "correct_answer": "صح"
    },
    {
        "question": "يجب على سائق أن يقلل من سرعة مركبته في المناطق السكنية",
        "correct_answer": "صح"
    },
    {
        "question": "ماهو عدد النقاط التي تحتسب في المخالفات المباشرة في حالة تجاوز الإشارة الضوئية الحمراء ؟ :",
        "correct_answer": "4 نقاط"
    },
    {
        "question": "قيادة مركبة آلية برعونة أو تفريط أو إهمال أو عدم إنتباه تكون عقوبته :",
        "correct_answer": "الحبس مدة لاتزيد عن ثلاثة شهور وبغرامة لاتزيد عن مائة دينار أو بإحدى هاتين العقوبتين"
    },
    {
        "question": "وظيفة الراديتر :",
        "correct_answer": "تبريد المحرك"
    },
    {
        "question": "من الافضل تبديل كوابح السيارات كل :",
        "correct_answer": "6 شهور"
    },
    {
        "question": "على قائد المركبة الذي تتخطاه مركبة أخرى مراعاة تهدئة السرعة مع التزام الجانب الأيمن",
        "correct_answer": "صح"
    },
    {
        "question": "عدم ارتدائك لحزام الامان داخل المنطقه السكنيه لا يشكل مخالفه",
        "correct_answer": "خطأ"
    },
    {
        "question": "ربط حزام الامان واجب في اي من الحالات التاليه ؟",
        "correct_answer": "في جميع الحالات يجب ربط حزام الامان"
    },
    {
        "image": "https://ttd.moi.gov.kw/ttd/n1/p10.jpg",
        "question": "الخطوط البيضاء المتقطعة في منتصف الشارع تعني:",
        "correct_answer": "خطوط تحدد المسارات ومسموح التجاوز"
    },
    {
        "question": "أثناء عمل رجل الشرطة في الطريق تبين له أن فرامل المركبة غير صالحة وذلك نتيجة لعدم سيطرة قائدها عليها وتم عرض المركبة على الخبير الفني الذي أثبت عدم صلاحية الفرامل يعاقب قائدها :",
        "correct_answer": "الحبس مدة لاتزيد عن شهر وغرامة لاتزيد عن 75 د.ك أو باحدى هاتين العقوبتين"
    },
    {
        "question": "اوقف مركبته بمنتصف الطريق العام متعمدا ورفض أن يتحرك بها الا بعد ان تم سحبها بواسطة رجال الشرطة يعاقب :",
        "correct_answer": "الحبس مدة لاتزيد عن شهروغرامة لاتزيد عن 75 د.ك أو باحدى هاتين العقوبتين"
    },
    {
        "question": "عندما ترى دخان اسود يخرج من الإكزوز (العادم) يكون السبب :",
        "correct_answer": "خلل في نظام الحقن ويحتاج إلى تنظيف أو تغيير"
    },
    {
        "question": "قبل إجراء أية إصلاحات بالمركبة ناجمة عن حادث يجب على مالك المركبة أن يتخذ الإجراء التالي :",
        "correct_answer": "استصدار إذن كتابي من محقق المخفر الذي وقع فيه الحادث"
    },
    {
        "question": "تكون أولوية المرور في الدوران للقادم من جهة اليسار",
        "correct_answer": "صح"
    },
    {
        "question": "يجوز التخطي في المرتفعات التي تكون فيها الرؤية منعدمة",
        "correct_answer": "خطأ"
    },
    {
        "question": "متي يمكنك استعمال الهاتف المحمول وانت بالمركبه ؟",
        "correct_answer": "فقط عندما تكون قد اوقفت المركبه في مكان امن"
    },
    {
        "image": "https://ttd.moi.gov.kw/ttd/ts/p13.jpg",
        "question": "الرصيف ذو اللونين الأزرق مع الأبيض يعني:",
        "correct_answer": "موقف باص"
    },
    {
        "question": "عقوبة السماح بجلوس طفل أقل من عشرة سنوات في المقعد الأمامي غرامة بما لاتزيد على :",
        "correct_answer": "15 دينار"
    },
    {
        "question": "لا يجوز بدون عذر مقبول قيادة مركبة آلية ليلا دون إضاءة الأنوار اللازمة .",
        "correct_answer": "صح"
    },
    {
        "question": "على مستعملي الطريق عدم الالتزام بقواعد وآداب المرور",
        "correct_answer": "خطأ"
    },
    {
        "question": "عدم استعمال قائد المركبة إشارة التنبيه للإنعطاف عقوبته الغرامة التي لاتزيد عن :",
        "correct_answer": "خمسة عشر دينار"
    },
    {
        "question": "اقصى حد للسرعة في الدائري السادس للسيارات الصغيرة هي :",
        "correct_answer": "120 كم / س"
    },
    {
        "question": "على قائدي المركبات وغيرهم من مستعملي الطريق افساحه لمرور مركبات الطوارئ",
        "correct_answer": "صح"
    },
    {
        "question": "يجوز بدون تصريح استعمال المركبات في الإعلان بتركيب مكبر الصوت بها أو لافتات أو نماذج مجسمه",
        "correct_answer": "خطأ"
    },
    {
        "image": "https://ttd.moi.gov.kw/ttd/ts/p8.jpg",
        "question": "متي يجوز دخول المنطقه المحرمه المعلمه بخطوط تقاطعيه عند تقاطع الاشاره الضوئيه بلون اصفر بالحالات التاليه ؟",
        "correct_answer": "لايجوز دخول المنطقه المحرمه اذا كانت غير سالكه ومزدحمه حتي وان كانت الاشاره خضراء"
    },
    {
        "image": "https://ttd.moi.gov.kw/ttd/ts/s9.jpg",
        "question": "تعني",
        "correct_answer": "مسموح التجاوز لاتجاه واحد"
    },
    {
        "question": "قيادة مركبة آلية مع عدم ربط قائدها حزام الأمان يعاقب :",
        "correct_answer": "غرامة لاتزيد عن 15 د.ك"
    },
    {
        "question": "أولوية المرور في التقاطع تكون للقادم من جهة اليمين في عدم وجود إشارة ضوئية",
        "correct_answer": "صح"
    },
    {
        "question": "حزام الأمان يساعد على :",
        "correct_answer": "تقليل نسبة الاصابات"
    },
    {
        "question": "لإغلاق الطريق والعمل به يجب أخذ تصريح من الإدارة العامة للمرور",
        "correct_answer": "صح"
    },
    {
        "question": "مخالفة مباشرة - عدم الوقوف وابلاغ الشرطة بفعل حادث يجوز فيه الصلح بدفع مبلغ :",
        "correct_answer": "30 دينار"
    },
    {
        "question": "يجوز قيادة المركبة بدون لوحاتها المعدنية",
        "correct_answer": "خطأ"
    },
    {
        "question": "يحظر ترك او إلقاء أو وضع أي شيء من شأنه أن يعوق حركة المرور",
        "correct_answer": "صح"
    },
    {
        "question": "قيادة مركبة آلية دون إضاءة الأنوار اللازمة ليلا يعاقب :",
        "correct_answer": "غرامة لاتزيد على 15 د.ك ."
    },
    {
        "question": "يجب ترك مسافة بين مركبه وأخرى أثناء القيادة .",
        "correct_answer": "صح"
    },
    {
        "question": "في حاله مشاهده حادث بالطريق العام ، ماهو التصرف الصحيح والامن ؟",
        "correct_answer": "تجاوز الحادث والاستمرار بالطريق بعد تجاوزه حتي نعطي الطريق لمركبات الشرطه والاسعاف"
    },
    {
        "question": "القيادة بسرعة أقل من الحد الأدنى المقرر في الطرق الدائرية عقوبتها الغرامة التي لاتزيد عن :",
        "correct_answer": "خمسة عشر دينار"
    },
    {
        "question": "تسبب نتيجة مخالفة لأحكام قانون المرور ولائحته التنفيذية في وقوع حادث أضر بممتلكات الغير أو المرافق العامة يعاقب :",
        "correct_answer": "الحبس مدة لاتزيد عن شهر وغرامة لاتزيد عن 75 د.ك أو باحدى هاتين العقوبتين"
    },
    {
        "question": "قائد مركبة آلية قام بتظليل زجاج مركبته خلافا للتعليمات واللوائح الصادرة يعاقب :",
        "correct_answer": "غرامة لاتزيد عن 15 د.ك"
    },
    {
        "question": "كل من تجاوز الإشارة الحمراء تكون عقوبته :",
        "correct_answer": "الحبس مدة لاتزيد عن ثلاثة اشهر والغرامة التي لاتزيد عن 300 دينار أ, بإحدى هاتين العقوبتين"
    },
    {
        "question": "يجب ربط حزام الامان في الحالات التالية :",
        "correct_answer": "في جميع الحالات"
    },
    {
        "question": "قيادة مركبة آلية برخصة تقرر سحبها - يجوز الصلح فيها بدفع مبلغ :",
        "correct_answer": "30 دينار"
    },
    {
        "question": "يسمح بجلوس طفل اقل من 10 سنوات بالمقعد الامامي",
        "correct_answer": "خطأ"
    },
    {
        "question": "ليس من الضروري اشعال انوار المركبه ليلا اذا كان الشارع به اناره ؟",
        "correct_answer": "خطأ"
    },
    {
        "question": "مخالفة المشاة وراكبي الدراجات الهوائية لقواعد المرور يعاقب :",
        "correct_answer": "غرامة لاتزيد عن 15 د.ك"
    },
    {
        "question": "إذا أثبت الفحص الطبي وقوع قائد المركبة تحت تأثير المشروبات المسكرة تكون عقوبته :",
        "correct_answer": "الحبس مدة لاتزيد عن سنة وغرامة لاتزيد عن500 د.ك أو باحدى هاتين العقوبتين"
    },
    {
        "question": "وقوف قائد مركبة آلية في أماكن مخصصة لوقوف المعاقين يعاقب :",
        "correct_answer": "غرامة لاتزيد عن 15 د.ك"
    },
    {
        "question": "ماهو عدد النقاط التي تحتسب في حالة إرتكاب مخالفة مباشرة – قيادة مركبة عكس إتجاه السير بالطرق السريعة والدائرية ؟ :",
        "correct_answer": "4 نقاط"
    },
    {
        "question": "يمكنك تجاوز الاشاره الضوئيه الحمراء في حالات الطوارئ",
        "correct_answer": "خطأ"
    },
    {
        "question": "شخص استغل سيارته الخاصة في نقل الركاب بالأجرة يعاقب :",
        "correct_answer": "الحبس مدة لاتزيد عن شهر وغرامة لاتزيد عن 75د.ك أو باحدى هاتين العقوبتين"
    },
    {
        "question": "مخالفة قائد مركبة الية تعليمات أو أوامر أو ارشادات المرور الخاصة بتنظيم حركة المرور يعاقب :",
        "correct_answer": "غرامة لاتزيد عن 15 د.ك"
    },
    {
        "question": "تسبب نتيجة قيادة مركبته بسرعة تقل عن الحد الأدنى للسرعة المقررة بإعاقة حركة المرور يعاقب :",
        "correct_answer": "غرامة لاتزيد على 15 د.ك"
    },
    {
        "question": "كل من تجاوز الحد الاقصى للسرعة المقررة يعاقب :",
        "correct_answer": "الحبس مدة لاتزيد عن ثلاثة اشهر وغرامة لاتزيد عن مائة دينار أو بإحدى هاتين العقوبتين"
    },
    {
        "question": "يجوز قيادة المركبة وهي خالية من الفرامل",
        "correct_answer": "صح"
    },
    {
        "question": "قيادة مركبة مخالفة لشروط الأمن والمتانة - يعاقب بغرامة لاتزيد عن :",
        "correct_answer": "15 دينار"
    },
    {
        "question": "يجوز سحب رخصة السوق التي تمنح لأول مرة ولا يمنح رخصة جديدة إلا بعد مدة لاتقل عن أربعة أشهر من تاريخ السحب إذا :",
        "correct_answer": "ارتكب صاحبها خلال السنة الأولى مخالفتين من المخالفات الجسيمة ( مادة 33+33 مكرر + 38)."
    },
    {
        "question": "يحسب مقابل كل مخالفة مباشرة يرتكبها الشخص عدد من النقاط إذا ارتكب الشخص عدد من المخالفات ووصل مجموع النقاط في المرة الأولى (14) نقطة يتم :",
        "correct_answer": "سحب رخصة السوق لمدة 3 أشهر"
    },
    {
        "question": "يجب على السائق أن لا يتجاوز الحد الأقصى للسرعة المقررة",
        "correct_answer": "صح"
    },
    {
        "question": "كل من أجري سباق في المركبات الآلية على الطرق دون تصريح أو بمحافظة شروط التصريح تكون العقوبة :",
        "correct_answer": "الحبس مدة لاتزيد عن ثلاثة أشهر وغرامة لاتزيد عن مائة دينار أو بإحدى هاتين العقوبتين"
    },
    {
        "question": "ترك الحيوانات يالطرق العامة من غير حارس أو مخالفة حارسها لقواعد المرور يعاقب :",
        "correct_answer": "غرامة لاتزيد على 15 د.ك ."
    }
]